{
  "IcoMoonType": "selection",
  "icons": [
    {
      "icon": {
        "paths": [],
        "attrs": [],
        "isMulticolor": false,
        "isMulticolor2": false,
        "grid": 0,
        "tags": [
          "profile"
        ]
      },
      "attrs": [],
      "properties": {
        "order": 10,
        "id": 0,
        "name": "profile2",
        "prevSize": 32,
        "code": 59648
      },
      "setIdx": 1,
      "setId": 3,
      "iconIdx": 0
    },
    {
      "icon": {
        "paths": [],
        "attrs": [],
        "width": 1002,
        "isMulticolor": false,
        "isMulticolor2": false,
        "grid": 0,
        "tags": [
          "cart"
        ]
      },
      "attrs": [],
      "properties": {
        "order": 2,
        "id": 4,
        "name": "cart",
        "prevSize": 32,
        "code": 59649
      },
      "setIdx": 2,
      "setId": 2,
      "iconIdx": 0
    },
    {
      "icon": {
        "paths": [],
        "attrs": [],
        "width": 1484,
        "isMulticolor": false,
        "isMulticolor2": false,
        "grid": 0,
        "tags": [
          "dish"
        ]
      },
      "attrs": [],
      "properties": {
        "order": 3,
        "id": 3,
        "name": "dish",
        "prevSize": 32,
        "code": 59650
      },
      "setIdx": 2,
      "setId": 2,
      "iconIdx": 1
    },
    {
      "icon": {
        "paths": [],
        "attrs": [],
        "width": 1035,
        "isMulticolor": false,
        "isMulticolor2": false,
        "grid": 0,
        "tags": [
          "profile"
        ]
      },
      "attrs": [],
      "properties": {
        "order": 4,
        "id": 2,
        "name": "profile",
        "prevSize": 32,
        "code": 59651
      },
      "setIdx": 2,
      "setId": 2,
      "iconIdx": 2
    },
    {
      "icon": {
        "paths": [],
        "attrs": [],
        "width": 948,
        "isMulticolor": false,
        "isMulticolor2": false,
        "grid": 0,
        "tags": [
          "promotions"
        ]
      },
      "attrs": [],
      "properties": {
        "order": 5,
        "id": 1,
        "name": "promotions",
        "prevSize": 32,
        "code": 59652
      },
      "setIdx": 2,
      "setId": 2,
      "iconIdx": 3
    }
  ],
  "height": 1024,
  "metadata": {
    "name": "icomoon"
  },
  "preferences": {
    "showGlyphs": true,
    "showQuickUse": true,
    "showQuickUse2": true,
    "showSVGs": true,
    "fontPref": {
      "prefix": "icon-",
      "metadata": {
        "fontFamily": "icomoon"
      },
      "metrics": {
        "emSize": 1024,
        "baseline": 6.25,
        "whitespace": 50
      },
      "embed": false
    },
    "imagePref": {
      "prefix": "icon-",
      "png": true,
      "useClassSelector": true,
      "color": 0,
      "bgColor": 16777215,
      "classSelector": ".icon",
      "height": 32,
      "columns": 16,
      "margin": 16
    },
    "historySize": 50,
    "showCodes": true,
    "gridSize": 16
  }
}